Name,Entropy,A Size,B Size,Elements Per Second,Total Time
Serial Merge,28,50000000,50000000,117161552,0.85352230072021484375
Serial Merge Branchless,28,50000000,50000000,108585280,0.92093515396118164062
Bitonic Merge,28,50000000,50000000,126933184,0.78781604766845703125