Name,Entropy,A Size,B Size,Elements Per Second,Total Time
Serial Merge,4,512,512,27745266,0.00003690719677251764
Serial Merge Branchless,4,512,512,28071682,0.00003647804260253906
Bitonic Merge,4,512,512,62700252,0.00001633167266845703
AVX512 Merge,4,512,512,63535020,0.00001611709558346774
AVX512 Parallel Merge,4,512,512,-2147483648,0.00000000000000000000