Name, Entropy, A Size, B Size, Elements Per Second, Total Time
Serial Merge, 28, 500, 500, 160087936, 0.00000624656695435988
Serial Merge Branchless, 28, 500, 500, 242445328, 0.00000412464123655809
Bitonic Merge, 28, 500, 500, 451000416, 0.00000221729283111927
Serial Merge, 32, 500, 500, 155922080, 0.00000641345968688256
Serial Merge Branchless, 32, 500, 500, 252668912, 0.00000395774850403541
Bitonic Merge, 32, 500, 500, 505337824, 0.00000197887425201770
Serial Merge, 28, 5000, 5000, 164289232, 0.00006086826397222467
Serial Merge Branchless, 28, 5000, 5000, 256218944, 0.00003902912067133002
Bitonic Merge, 28, 5000, 5000, 526261504, 0.00001900196002679877
Serial Merge, 32, 5000, 5000, 164547040, 0.00006077289435779676
Serial Merge Branchless, 32, 5000, 5000, 259067584, 0.00003859996650135145
Bitonic Merge, 32, 5000, 5000, 520385120, 0.00001921653711178806