Name, Entropy, A Size, B Size, Elements Per Second, Total Time
Serial Merge, 28, 500, 500, 161942240, 0.00000617504110778100
Serial Merge Branchless, 28, 500, 500, 246723760, 0.00000405311584472656
Bitonic Merge, 28, 500, 500, 487709760, 0.00000205039987122291
Serial Merge, 32, 500, 500, 160087936, 0.00000624656695435988
Serial Merge Branchless, 32, 500, 500, 260515776, 0.00000383853921448463
Bitonic Merge, 32, 500, 500, 493447520, 0.00000202655792236328
Serial Merge, 28, 5000, 5000, 164418032, 0.00006082058098400012
Serial Merge Branchless, 28, 5000, 5000, 257003920, 0.00003890991138177924
Bitonic Merge, 28, 5000, 5000, 517815296, 0.00001931190490722656
Serial Merge, 32, 5000, 5000, 163012208, 0.00006134509749244899
Serial Merge Branchless, 32, 5000, 5000, 257477232, 0.00003883838508045301
Bitonic Merge, 32, 5000, 5000, 520385120, 0.00001921653711178806