Name, Entropy, C Size, Number of Threads, Elements Per Second, Total Time
Parallel Merge Sort using Serial Merge, 28, 100, 6, 628831, 0.00015902519226074219
Parallel Merge Sort using Serial Merge Branchless, 28, 100, 6, 953250, 0.00010490417480468750
Parallel Merge Sort using Bitonic Merge, 28, 100, 6, 313475, 0.00031900405883789062
Parallel Merge Sort using Serial Merge, 28, 100, 8, 675411, 0.00014805793762207031
Parallel Merge Sort using Serial Merge Branchless, 28, 100, 8, 827278, 0.00012087821960449219
Parallel Merge Sort using Bitonic Merge, 28, 100, 8, 247014, 0.00040483474731445312
Parallel Merge Sort using Serial Merge, 28, 100, 16, 102776, 0.00097298622131347656
Parallel Merge Sort using Serial Merge Branchless, 28, 100, 16, 123616, 0.00080895423889160156
Parallel Merge Sort using Bitonic Merge, 28, 100, 16, 26596, 0.00375986099243164062