Name, Entropy, C Size, Number of Threads, Elements Per Second, Total Time
Parallel Merge Sort using Serial Merge, 28, 100, 6, 640351, 0.00015616416931152344
Parallel Merge Sort using Serial Merge Branchless, 28, 100, 6, 1020511, 0.00009799003601074219
Parallel Merge Sort using Bitonic Merge, 28, 100, 6, 1040770, 0.00009608268737792969
Parallel Merge Sort using Serial Merge, 28, 100, 8, 473932, 0.00021100044250488281
Parallel Merge Sort using Serial Merge Branchless, 28, 100, 8, 571431, 0.00017499923706054688
Parallel Merge Sort using Bitonic Merge, 28, 100, 8, 580928, 0.00017213821411132812
Parallel Merge Sort using Serial Merge, 28, 100, 16, 179243, 0.00055789947509765625
Parallel Merge Sort using Serial Merge Branchless, 28, 100, 16, 215978, 0.00046300888061523438
Parallel Merge Sort using Bitonic Merge, 28, 100, 16, 63694, 0.00156998634338378906