Name, Entropy, C Size, Number of Threads, Elements Per Second, Total Time
Parallel Merge Sort using Serial Merge, 28, 100, 6, 219827, 0.00045490264892578125
Parallel Merge Sort using Serial Merge Branchless, 28, 100, 6, 314415, 0.00031805038452148438
Parallel Merge Sort using Bitonic Merge, 28, 100, 6, 48494, 0.00206208229064941406
Parallel Merge Sort using Serial Merge, 28, 100, 8, 268865, 0.00037193298339843750
Parallel Merge Sort using Serial Merge Branchless, 28, 100, 8, 336891, 0.00029683113098144531
Parallel Merge Sort using Bitonic Merge, 28, 100, 8, 235900, 0.00042390823364257812
Parallel Merge Sort using Serial Merge, 28, 100, 16, 175420, 0.00057005882263183594
Parallel Merge Sort using Serial Merge Branchless, 28, 100, 16, 220173, 0.00045418739318847656
Parallel Merge Sort using Bitonic Merge, 28, 100, 16, 42551, 0.00235009193420410156